heart_rate,rr_interval,spo2,skin_temperature,acc_x,acc_y,acc_z,timestamp
71,1003,0,0.0,21,206,981,2026-10-05T19:34:09.587505
69,993,0,0.0,58,183,961,2026-10-05T19:34:13.823757
68,1005,0,0.0,59,182,963,2026-10-05T19:34:14.968243
69,1001,0,0.0,64,174,963,2026-10-05T19:34:16.035547
70,1004,0,0.0,55,156,967,2026-10-05T19:34:17.104817
70,1002,0,0.0,67,143,969,2026-10-05T19:34:18.178407
69,1002,0,0.0,59,147,962,2026-10-05T19:34:19.340076
71,1005,0,0.0,56,150,962,2026-10-05T19:34:20.503556
72,1003,0,0.0,64,150,961,2026-10-05T19:34:21.630045
74,1001,0,0.0,61,175,960,2026-10-05T19:34:22.719461
75,1008,0,0.0,66,154,959,2026-10-05T19:34:23.881529
76,1004,0,0.0,63,167,967,2026-10-05T19:34:24.956958
76,1002,0,0.0,57,168,964,2026-10-05T19:34:26.033671
76,1002,0,0.0,65,168,965,2026-10-05T19:34:27.115634
74,1003,0,0.0,62,180,968,2026-10-05T19:34:28.289076
73,1002,0,0.0,64,159,963,2026-10-05T19:34:29.41713
72,1005,0,0.0,63,159,963,2026-10-05T19:34:30.500916
71,1000,0,0.0,63,165,959,2026-10-05T19:34:31.666273
70,1003,0,0.0,71,175,963,2026-10-05T19:34:32.78628
70,1003,0,0.0,72,158,959,2026-10-05T19:34:33.928894
70,1003,0,0.0,65,169,962,2026-10-05T19:34:35.032068
69,1002,0,0.0,71,178,962,2026-10-05T19:34:36.169256
70,1003,0,0.0,64,167,962,2026-10-05T19:34:37.296153
71,1002,0,0.0,63,171,965,2026-10-05T19:34:38.366009
71,1003,0,0.0,63,168,967,2026-10-05T19:34:39.45171
71,1006,0,0.0,60,177,963,2026-10-05T19:34:40.518531
71,1007,0,0.0,61,177,963,2026-10-05T19:34:41.597376
70,997,0,0.0,67,184,961,2026-10-05T19:34:42.67808
69,1001,0,0.0,63,168,963,2026-10-05T19:34:43.759178
69,1001,0,0.0,54,174,962,2026-10-05T19:34:44.879555
69,1010,0,0.0,131,-21,942,2026-10-05T19:34:46.000094
70,1003,0,0.0,390,-176,905,2026-10-05T19:34:47.130323
70,1004,0,0.0,167,-352,869,2026-10-05T19:34:48.255661
70,1004,0,0.0,240,-391,868,2026-10-05T19:34:49.381652
72,1002,0,0.0,229,-415,859,2026-10-05T19:34:50.465253
73,1003,0,0.0,249,-431,844,2026-10-05T19:34:51.536875
73,1002,0,0.0,268,-446,829,2026-10-05T19:34:52.659211
71,1002,0,0.0,259,-445,841,2026-10-05T19:34:53.753178
69,1001,0,0.0,282,-458,828,2026-10-05T19:34:54.909242
69,1009,0,0.0,288,-463,818,2026-10-05T19:34:56.034139
69,1002,0,0.0,287,-479,808,2026-10-05T19:34:57.164873
68,1004,0,0.0,153,454,803,2026-10-05T19:34:58.28816
70,1003,0,0.0,-160,589,772,2026-10-05T19:34:59.414695
69,1002,0,0.0,12,280,665,2026-10-05T19:35:00.498739
68,1005,0,0.0,6,265,939,2026-10-05T19:35:01.670012
68,998,0,0.0,13,254,957,2026-10-05T19:35:02.795742
68,1000,0,0.0,8,247,939,2026-10-05T19:35:03.925932
67,1006,0,0.0,6,274,944,2026-10-05T19:35:05.0511
68,999,0,0.0,1,224,953,2026-10-05T19:35:06.173189
69,1003,0,0.0,332,9,771,2026-10-05T19:35:07.304109
68,1003,0,0.0,433,-379,826,2026-10-05T19:35:08.427658
70,1001,0,0.0,389,-362,849,2026-10-05T19:35:09.552873
70,1004,0,0.0,370,-402,819,2026-10-05T19:35:10.677043
72,1002,0,0.0,368,-373,810,2026-10-05T19:35:11.806784
72,1002,0,0.0,399,-427,811,2026-10-05T19:35:12.88912
71,1003,0,0.0,400,-412,818,2026-10-05T19:35:14.064006
73,1004,0,0.0,401,-313,855,2026-10-05T19:35:15.180639
73,1002,0,0.0,309,-278,862,2026-10-05T19:35:16.309366
72,1001,0,0.0,379,-343,838,2026-10-05T19:35:17.441766
71,1003,0,0.0,-315,600,1001,2026-10-05T19:35:18.564115
71,1005,0,0.0,-28,413,893,2026-10-05T19:35:19.650421
72,1007,0,0.0,-42,373,910,2026-10-05T19:35:20.823335
72,997,0,0.0,-23,352,912,2026-10-05T19:35:21.898072
71,997,0,0.0,-21,333,918,2026-10-05T19:35:22.973309
70,1006,0,0.0,-41,348,925,2026-10-05T19:35:24.092792
70,999,0,0.0,-46,362,910,2026-10-05T19:35:25.220925
70,1003,0,0.0,-44,368,904,2026-10-05T19:35:26.347054
72,1006,0,0.0,-49,361,919,2026-10-05T19:35:27.450697
73,1002,0,0.0,294,-182,617,2026-10-05T19:35:28.512769
74,1004,0,0.0,428,-381,804,2026-10-05T19:35:29.586489
74,1000,0,0.0,371,-343,832,2026-10-05T19:35:30.656773
75,1004,0,0.0,413,-282,813,2026-10-05T19:35:31.743136
76,998,0,0.0,433,-396,795,2026-10-05T19:35:32.857807
76,1002,0,0.0,427,-353,823,2026-10-05T19:35:34.120463
75,1002,0,0.0,388,-401,810,2026-10-05T19:35:35.25602
74,994,0,0.0,390,-406,814,2026-10-05T19:35:36.382687
72,1009,0,0.0,400,-436,797,2026-10-05T19:35:37.506801
70,1005,0,0.0,398,-390,815,2026-10-05T19:35:38.634017
70,1003,0,0.0,409,-439,779,2026-10-05T19:35:39.762031
68,1001,0,0.0,388,-261,830,2026-10-05T19:35:40.888481
67,1000,0,0.0,363,-407,827,2026-10-05T19:35:42.01267
68,1007,0,0.0,441,-469,748,2026-10-05T19:35:43.091162
68,993,0,0.0,438,-469,755,2026-10-05T19:35:44.163148
69,1010,0,0.0,450,-465,748,2026-10-05T19:35:45.210597
68,1004,0,0.0,473,-471,732,2026-10-05T19:35:46.291337
69,1004,0,0.0,477,-478,718,2026-10-05T19:35:47.443905
70,1002,0,0.0,582,-434,674,2026-10-05T19:35:48.568089
70,1001,0,0.0,593,-445,657,2026-10-05T19:35:49.702263
70,1003,0,0.0,583,-439,659,2026-10-05T19:35:50.818704
69,1002,0,0.0,594,-428,655,2026-10-05T19:35:51.855817
68,1004,0,0.0,597,-435,654,2026-10-05T19:35:52.929583
68,1002,0,0.0,600,-431,656,2026-10-05T19:35:54.005703
67,999,0,0.0,608,-449,643,2026-10-05T19:35:55.089219
70,1007,0,0.0,597,-424,666,2026-10-05T19:35:56.248218
71,1003,0,0.0,611,-440,647,2026-10-05T19:35:57.383211
69,1003,0,0.0,590,-428,663,2026-10-05T19:35:58.503395
69,1002,0,0.0,566,-437,691,2026-10-05T19:35:59.59292
70,1001,0,0.0,398,-498,748,2026-10-05T19:36:00.760796
70,1005,0,0.0,422,-513,733,2026-10-05T19:36:01.833328
70,1001,0,0.0,404,-527,732,2026-10-05T19:36:02.911416
69,1003,0,0.0,416,-519,729,2026-10-05T19:36:04.000312
70,1002,0,0.0,432,-536,709,2026-10-05T19:36:05.071065
69,1008,0,0.0,424,-530,716,2026-10-05T19:36:06.181621
69,1003,0,0.0,433,-540,702,2026-10-05T19:36:07.269486
69,1002,0,0.0,414,-545,708,2026-10-05T19:36:08.337003
69,1002,0,0.0,437,-557,695,2026-10-05T19:36:09.417149
67,1005,0,0.0,424,-550,700,2026-10-05T19:36:10.489336
69,1003,0,0.0,435,-552,699,2026-10-05T19:36:11.573815
70,1001,0,0.0,431,-540,701,2026-10-05T19:36:12.733424
70,1004,0,0.0,434,-554,695,2026-10-05T19:36:13.865128
69,1001,0,0.0,446,-559,682,2026-10-05T19:36:14.989971
70,1002,0,0.0,428,-560,701,2026-10-05T19:36:16.079146
71,998,0,0.0,438,-558,687,2026-10-05T19:36:17.158511
72,1006,0,0.0,448,-566,678,2026-10-05T19:36:18.238349
73,1002,0,0.0,432,-557,693,2026-10-05T19:36:19.319897
74,1005,0,0.0,429,-546,689,2026-10-05T19:36:20.392075
74,1002,0,0.0,544,-323,763,2026-10-05T19:36:21.530135
0,0,0,0.0,26,441,828,2026-10-05T20:04:24.710383
84,999,0,0.0,-343,-648,645,2026-10-05T20:04:33.158117
83,998,0,0.0,-331,-655,637,2026-10-05T20:04:34.323066
82,1000,0,0.0,-220,-919,463,2026-10-05T20:04:35.448097
81,1001,0,0.0,-164,-816,532,2026-10-05T20:04:36.575548
80,993,0,0.0,-145,-821,514,2026-10-05T20:04:37.652473
81,1001,0,0.0,-149,-834,511,2026-10-05T20:04:38.829101
81,998,0,0.0,-144,-827,515,2026-10-05T20:04:40.243389
82,991,0,0.0,-146,-830,505,2026-10-05T20:04:41.386925
82,1001,0,0.0,-146,-821,511,2026-10-05T20:04:42.512792
82,1003,0,0.0,-145,-827,510,2026-10-05T20:04:43.631312
80,999,0,0.0,-141,-831,503,2026-10-05T20:04:44.754493
79,999,0,0.0,-139,-831,504,2026-10-05T20:04:45.8886
78,999,0,0.0,-202,-761,584,2026-10-05T20:04:47.004615
77,1000,0,0.0,-294,-460,754,2026-10-05T20:04:48.13355
76,1001,0,0.0,-39,-777,651,2026-10-05T20:04:49.272122
78,1006,0,0.0,-382,-815,490,2026-10-05T20:04:50.408868
78,998,0,0.0,-292,-589,628,2026-10-05T20:04:51.530723
78,993,0,0.0,-254,-948,482,2026-10-05T20:04:52.642526
78,997,0,0.0,-400,-883,300,2026-10-05T20:04:53.781421
77,1008,0,0.0,-335,-898,217,2026-10-05T20:04:54.858353
77,997,0,0.0,-335,-891,242,2026-10-05T20:04:55.96928
78,999,0,0.0,-313,-895,265,2026-10-05T20:04:57.055082
78,999,0,0.0,-240,-917,266,2026-10-05T20:04:58.210639
78,999,0,0.0,-227,-919,256,2026-10-05T20:04:59.306373
79,1996,0,0.0,-227,-918,265,2026-10-05T20:05:00.412843
79,1004,0,0.0,-315,-873,329,2026-10-05T20:05:01.488694
79,999,0,0.0,-80,-1486,673,2026-10-05T20:05:02.573889
81,1006,0,0.0,762,-712,145,2026-10-05T20:05:03.719412
82,1002,0,0.0,909,-907,-59,2026-10-05T20:05:04.805452
82,1002,0,0.0,842,-614,37,2026-10-05T20:05:05.968923
81,2006,0,0.0,312,-269,1145,2026-10-05T20:05:07.097198
84,996,0,0.0,270,-298,897,2026-10-05T20:05:08.191531
85,1007,0,0.0,262,-287,894,2026-10-05T20:05:09.351096
86,1004,0,0.0,270,-297,899,2026-10-05T20:05:10.475791
85,1002,0,0.0,268,-298,893,2026-10-05T20:05:11.60265
83,1010,0,0.0,308,-382,912,2026-10-05T20:05:12.742693
82,996,0,0.0,313,-358,882,2026-10-05T20:05:13.821845
81,1008,0,0.0,265,-288,905,2026-10-05T20:05:14.907116
79,1003,0,0.0,303,-296,822,2026-10-05T20:05:15.988041
78,1004,0,0.0,324,-284,888,2026-10-05T20:05:17.135982
78,1003,0,0.0,456,4,860,2026-10-05T20:05:18.250422
78,1002,0,0.0,305,-357,864,2026-10-05T20:05:19.380756
79,996,0,0.0,270,-317,893,2026-10-05T20:05:20.465421
80,1007,0,0.0,254,-318,904,2026-10-05T20:05:21.636492
78,1006,0,0.0,366,-430,817,2026-10-05T20:05:22.763732
76,1002,0,0.0,443,-328,843,2026-10-05T20:05:23.889422
75,1003,0,0.0,399,-367,835,2026-10-05T20:05:25.015836
74,1001,0,0.0,392,-387,818,2026-10-05T20:05:26.097763
74,1000,0,0.0,451,-382,861,2026-10-05T20:05:27.264183
74,1006,0,0.0,417,-445,764,2026-10-05T20:05:28.394563
74,1006,0,0.0,409,-347,836,2026-10-05T20:05:29.517666
73,999,0,0.0,377,-359,807,2026-10-05T20:05:30.646325
72,1003,0,0.0,276,-246,908,2026-10-05T20:05:31.77274
72,1003,0,0.0,337,-384,846,2026-10-05T20:05:32.905327
71,1002,0,0.0,331,-371,840,2026-10-05T20:05:34.021129
73,1001,0,0.0,382,-366,878,2026-10-05T20:05:35.098111
72,1003,0,0.0,346,-373,837,2026-10-05T20:05:36.183413
71,1004,0,0.0,344,-370,852,2026-10-05T20:05:37.296661
72,1004,0,0.0,372,-354,842,2026-10-05T20:05:38.427544
72,1000,0,0.0,321,-312,896,2026-10-05T20:05:39.557436
72,1000,0,0.0,352,-357,851,2026-10-05T20:05:40.68564
74,998,0,0.0,332,-291,881,2026-10-05T20:05:41.795522
75,1011,0,0.0,-771,-666,799,2026-10-05T20:05:42.935935
74,995,0,0.0,-878,-61,82,2026-10-05T20:05:44.04699
75,1007,0,0.0,-670,-412,583,2026-10-05T20:05:45.180973
75,1007,0,0.0,-705,-296,490,2026-10-05T20:05:46.244876
77,2006,0,0.0,-751,-469,560,2026-10-05T20:05:47.316121
77,1000,0,0.0,727,-565,578,2026-10-05T20:05:48.38499
79,1002,0,0.0,757,-309,463,2026-10-05T20:05:49.457326
81,994,0,0.0,-79,777,587,2026-10-05T20:05:50.532562
81,1009,0,0.0,-343,504,749,2026-10-05T20:05:51.608933
79,996,0,0.0,-291,556,765,2026-10-05T20:05:52.767442
76,1004,0,0.0,-265,533,745,2026-10-05T20:05:53.890231
74,1002,0,0.0,-508,990,189,2026-10-05T20:05:54.966447
75,994,0,0.0,299,679,-441,2026-10-05T20:05:56.045375
78,1005,0,0.0,1003,-156,-154,2026-10-05T20:05:57.116736
77,1001,0,0.0,-90,-740,1067,2026-10-05T20:05:58.197147
78,998,0,0.0,-468,-609,599,2026-10-05T20:05:59.280821
79,1001,0,0.0,-432,-585,649,2026-10-05T20:06:00.444984
83,1003,0,0.0,-429,-582,654,2026-10-05T20:06:01.571207
84,1003,0,0.0,-421,-594,652,2026-10-05T20:06:02.696971
90,1006,0,0.0,-394,-596,653,2026-10-05T20:06:03.825306
92,1004,0,0.0,-404,-597,656,2026-10-05T20:06:04.956984
91,1001,0,0.0,-401,-601,656,2026-10-05T20:06:06.080693
90,994,0,0.0,-396,-609,644,2026-10-05T20:06:07.201878
89,1005,0,0.0,-421,-599,648,2026-10-05T20:06:08.270712
88,994,0,0.0,-413,-600,614,2026-10-05T20:06:09.339967
87,1002,0,0.0,-425,-603,636,2026-10-05T20:06:10.480066
87,1004,0,0.0,-418,-602,643,2026-10-05T20:06:11.608431
85,998,0,0.0,-425,-595,641,2026-10-05T20:06:12.729083
84,1001,0,0.0,-429,-599,648,2026-10-05T20:06:13.861315
82,1002,0,0.0,-422,-592,651,2026-10-05T20:06:14.986128
80,994,0,0.0,-437,-593,653,2026-10-05T20:06:16.110431
77,1004,0,0.0,-428,-590,643,2026-10-05T20:06:17.171107
73,1001,0,0.0,-440,-578,648,2026-10-05T20:06:18.253009
69,999,0,0.0,-446,-572,647,2026-10-05T20:06:19.320698
66,1000,0,0.0,-444,-577,652,2026-10-05T20:06:20.407662
65,994,0,0.0,-443,-573,644,2026-10-05T20:06:21.44081
66,1004,0,0.0,-451,-569,643,2026-10-05T20:06:22.564949
66,1001,0,0.0,-439,-574,650,2026-10-05T20:06:23.686628
66,1003,0,0.0,-450,-566,656,2026-10-05T20:06:24.817721
66,992,0,0.0,-443,-582,646,2026-10-05T20:06:25.935641
67,1005,0,0.0,-446,-574,645,2026-10-05T20:06:27.05997
67,1002,0,0.0,-430,-590,653,2026-10-05T20:06:28.196407
66,999,0,0.0,-418,-578,650,2026-10-05T20:06:29.323869
66,1002,0,0.0,-428,-585,650,2026-10-05T20:06:30.452103
67,1000,0,0.0,-406,-601,649,2026-10-05T20:06:31.577793
67,1000,0,0.0,-407,-597,652,2026-10-05T20:06:32.703918
68,2002,0,0.0,-401,-678,679,2026-10-05T20:06:33.783092
71,1008,0,0.0,-333,-597,720,2026-10-05T20:06:34.94527
71,996,0,0.0,-437,-598,653,2026-10-05T20:06:36.092149
72,1004,0,0.0,-363,-572,685,2026-10-05T20:06:37.205458
74,1005,0,0.0,-387,-594,663,2026-10-05T20:06:38.268208
76,1002,0,0.0,-415,-631,605,2026-10-05T20:06:39.359283
77,993,0,0.0,-369,-661,653,2026-10-05T20:06:40.449943
77,1007,0,0.0,-375,-635,622,2026-10-05T20:06:41.594119
76,995,0,0.0,-367,-627,639,2026-10-05T20:06:42.734435
77,1002,0,0.0,-382,-624,639,2026-10-05T20:06:43.861031
78,1000,0,0.0,-364,-632,650,2026-10-05T20:06:44.989301
77,1000,0,0.0,-398,-580,673,2026-10-05T20:06:46.118316
78,1002,0,0.0,127,-411,864,2026-10-05T20:06:47.245568
91,1002,0,0.0,-212,426,872,2026-10-05T20:21:33.810491
91,1002,0,0.0,-188,275,921,2026-10-05T20:21:37.962717
89,1005,0,0.0,-186,265,916,2026-10-05T20:21:39.148127
88,1003,0,0.0,-191,267,918,2026-10-05T20:21:40.276445
86,1003,0,0.0,-193,269,915,2026-10-05T20:21:41.402221
83,999,0,0.0,-179,330,912,2026-10-05T20:21:42.53105
78,1005,0,0.0,-937,-646,357,2026-10-05T20:21:43.657076
75,1004,0,0.0,46,-405,728,2026-10-05T20:21:44.725253
74,998,0,0.0,-255,-139,954,2026-10-05T20:21:45.792935
76,1000,0,0.0,-159,-179,938,2026-10-05T20:21:46.845051
77,1007,0,0.0,-134,-177,937,2026-10-05T20:21:47.945485
76,997,0,0.0,-140,-174,940,2026-10-05T20:21:49.011152
77,1000,0,0.0,-136,-186,951,2026-10-05T20:21:50.109265
73,1005,0,0.0,-139,-193,955,2026-10-05T20:21:51.167889
72,1003,0,0.0,-133,-186,949,2026-10-05T20:21:52.23189
71,1003,0,0.0,-131,-200,945,2026-10-05T20:21:53.384213
71,995,0,0.0,-132,-202,944,2026-10-05T20:21:54.504636
72,1006,0,0.0,-130,-205,945,2026-10-05T20:21:55.621797
73,1001,0,0.0,-130,-209,944,2026-10-05T20:21:56.762465
73,1003,0,0.0,-127,-194,950,2026-10-05T20:21:57.895594
72,1003,0,0.0,-138,-198,947,2026-10-05T20:21:59.019557
72,1001,0,0.0,-131,-198,947,2026-10-05T20:22:00.142656
71,1010,0,0.0,-133,-200,953,2026-10-05T20:22:01.27071
71,1003,0,0.0,-125,-196,940,2026-10-05T20:22:02.397856
71,1008,0,0.0,-126,-190,943,2026-10-05T20:22:03.52479
71,995,0,0.0,-130,-188,954,2026-10-05T20:22:04.622025
70,1003,0,0.0,-122,-186,947,2026-10-05T20:22:05.773018
70,1002,0,0.0,-116,-181,949,2026-10-05T20:22:06.901643
69,1002,0,0.0,-132,-189,941,2026-10-05T20:22:07.984686
69,1003,0,0.0,-126,-196,947,2026-10-05T20:22:09.150278
68,1010,0,0.0,-122,-193,947,2026-10-05T20:22:10.283133
68,1001,0,0.0,-121,-198,947,2026-10-05T20:22:11.413052
69,1002,0,0.0,-110,-197,941,2026-10-05T20:22:12.533938
69,1003,0,0.0,-120,-194,946,2026-10-05T20:22:13.665403
68,1003,0,0.0,-121,-198,951,2026-10-05T20:22:14.784175
67,1002,0,0.0,519,-935,164,2026-10-05T20:22:15.89376
67,995,0,0.0,329,-196,908,2026-10-05T20:22:17.037111
66,1002,0,0.0,708,-707,444,2026-10-05T20:22:18.148547
67,581,0,0.0,228,-477,810,2026-10-05T20:22:19.201623
67,1005,0,0.0,141,-426,850,2026-10-05T20:22:20.253671
68,1002,0,0.0,237,-457,842,2026-10-05T20:22:21.339223
68,1003,0,0.0,112,-395,887,2026-10-05T20:22:22.425516
67,1003,0,0.0,208,-438,880,2026-10-05T20:22:23.590584
68,1000,0,0.0,573,-781,416,2026-10-05T20:22:24.716861
69,993,0,0.0,809,-558,279,2026-10-05T20:22:25.801335
71,1004,0,0.0,239,-1185,-293,2026-10-05T20:22:26.975208
70,1000,0,0.0,-83,-787,-698,2026-10-05T20:22:28.098115
71,1004,0,0.0,-28,-635,-831,2026-10-05T20:22:29.173069
72,1000,0,0.0,-345,-890,207,2026-10-05T20:22:30.358131
73,1002,0,0.0,-369,-887,180,2026-10-05T20:22:31.472883
74,1002,0,0.0,-366,-921,162,2026-10-05T20:22:32.601852
75,1003,0,0.0,-382,-877,197,2026-10-05T20:22:33.755532
76,1003,0,0.0,-379,-867,189,2026-10-05T20:22:34.859838
76,1002,0,0.0,-397,-901,151,2026-10-05T20:22:35.985535
76,1002,0,0.0,-377,-906,153,2026-10-05T20:22:37.110347
76,994,0,0.0,-387,-892,156,2026-10-05T20:22:38.231842
75,1005,0,0.0,-389,-870,208,2026-10-05T20:22:39.353261
74,1013,0,0.0,-387,-871,159,2026-10-05T20:22:40.49025
73,997,0,0.0,-389,-923,139,2026-10-05T20:22:41.615813
72,998,0,0.0,-387,-888,158,2026-10-05T20:22:42.73461
73,1002,0,0.0,-402,-902,132,2026-10-05T20:22:43.873578
72,1003,0,0.0,-367,-874,176,2026-10-05T20:22:44.998587
71,1002,0,0.0,-372,-883,168,2026-10-05T20:22:46.077255
72,1003,0,0.0,144,-442,951,2026-10-05T20:22:47.249679
74,998,0,0.0,279,-302,893,2026-10-05T20:22:48.369368
75,1006,0,0.0,202,-463,887,2026-10-05T20:22:49.50195
75,1002,0,0.0,130,-220,831,2026-10-05T20:22:50.626327
75,1002,0,0.0,209,-188,1004,2026-10-05T20:22:51.755814
75,1996,0,0.0,274,-402,852,2026-10-05T20:22:52.85191
76,1003,0,0.0,275,-373,894,2026-10-05T20:22:54.007015
75,1002,0,0.0,292,-396,843,2026-10-05T20:22:55.136321
76,1002,0,0.0,269,-419,842,2026-10-05T20:22:56.260592
76,1002,0,0.0,272,-418,850,2026-10-05T20:22:57.392735
76,1002,0,0.0,124,-320,736,2026-10-05T20:22:58.512777
76,1004,0,0.0,-147,-765,179,2026-10-05T20:22:59.645897
77,1000,0,0.0,448,-876,-26,2026-10-05T20:23:00.756547
77,999,0,0.0,403,-840,240,2026-10-05T20:23:01.951445
78,2036,0,0.0,461,-842,-3,2026-10-05T20:23:03.002418
78,985,0,0.0,430,-979,-131,2026-10-05T20:23:04.10624
78,985,0,0.0,461,-835,69,2026-10-05T20:23:07.183357
78,985,0,0.0,834,-371,260,2026-10-05T20:23:09.550682
78,0,0,0.0,881,-465,34,2026-10-05T20:23:10.700211
80,990,0,0.0,872,-332,183,2026-10-05T20:23:11.814906
78,1012,0,0.0,964,-271,198,2026-10-05T20:23:12.950064
79,1000,0,0.0,947,203,328,2026-10-05T20:23:14.037235
78,1003,0,0.0,899,213,259,2026-10-05T20:23:15.16087
78,1003,0,0.0,580,-1095,96,2026-10-05T20:23:18.348525
80,0,0,0.0,455,-942,107,2026-10-05T20:23:21.055851
80,0,0,0.0,-276,-506,650,2026-10-05T20:23:23.389638
80,0,0,0.0,-410,-575,523,2026-10-05T20:23:24.524567
80,996,0,0.0,-332,-1106,496,2026-10-05T20:23:25.649581
79,1002,0,0.0,-388,-750,548,2026-10-05T20:23:26.760887
79,1000,0,0.0,-263,-692,757,2026-10-05T20:23:27.792906
80,998,0,0.0,-218,-620,562,2026-10-05T20:23:28.928162
82,1048,0,0.0,-293,-635,764,2026-10-05T20:23:30.031813
83,932,0,0.0,-44,-743,967,2026-10-05T20:23:31.076898
85,1001,0,0.0,677,-574,4,2026-10-05T20:23:32.206474
86,1001,0,0.0,282,-936,218,2026-10-05T20:23:33.325351
86,1003,0,0.0,288,-605,490,2026-10-05T20:23:34.452195
86,1002,0,0.0,77,-603,728,2026-10-05T20:23:35.549714
85,999,0,0.0,79,-380,889,2026-10-05T20:23:36.627577
86,1001,0,0.0,141,-541,965,2026-10-05T20:23:37.739983
84,1001,0,0.0,232,-491,821,2026-10-05T20:23:38.863802
82,999,0,0.0,210,-409,889,2026-10-05T20:23:39.940175
82,1006,0,0.0,200,-381,892,2026-10-05T20:23:41.009579
81,1002,0,0.0,257,-464,814,2026-10-05T20:23:42.14061
79,1000,0,0.0,269,-445,836,2026-10-05T20:23:43.225614
78,1001,0,0.0,218,-143,940,2026-10-05T20:23:44.39429
77,1003,0,0.0,245,-430,854,2026-10-05T20:23:45.500323
78,1000,0,0.0,214,-378,865,2026-10-05T20:23:46.6414
78,1002,0,0.0,256,-387,891,2026-10-05T20:23:47.770388
79,1000,0,0.0,205,-275,848,2026-10-05T20:23:48.894893
76,1003,0,0.0,262,-488,819,2026-10-05T20:23:50.006957
74,1002,0,0.0,265,-400,868,2026-10-05T20:23:51.0894
75,1001,0,0.0,248,-435,842,2026-10-05T20:23:52.192612
74,1003,0,0.0,279,-603,797,2026-10-05T20:23:53.328768
77,1000,0,0.0,275,-410,838,2026-10-05T20:23:54.40825
79,1004,0,0.0,223,-323,878,2026-10-05T20:23:55.556889
81,1002,0,0.0,243,-407,864,2026-10-05T20:23:56.671677
83,1003,0,0.0,262,-444,854,2026-10-05T20:23:57.745492
85,998,0,0.0,290,-356,878,2026-10-05T20:23:58.816881
87,1007,0,0.0,222,-237,967,2026-10-05T20:23:59.940769
88,1004,0,0.0,302,-408,801,2026-10-05T20:24:01.080324
89,1001,0,0.0,228,-380,860,2026-10-05T20:24:02.20836
88,1003,0,0.0,150,-343,836,2026-10-05T20:24:03.333643
86,1001,0,0.0,150,-215,939,2026-10-05T20:24:04.458993
85,1011,0,0.0,240,-292,873,2026-10-05T20:24:05.589686
85,1011,0,0.0,280,-390,858,2026-10-05T20:24:06.712532
83,1997,0,0.0,634,77,144,2026-10-05T20:24:07.842587
85,1001,0,0.0,813,-204,477,2026-10-05T20:24:08.97133
86,1003,0,0.0,902,111,273,2026-10-05T20:24:10.097384
85,1998,0,0.0,867,374,379,2026-10-05T20:24:11.155109
84,1008,0,0.0,40,-456,903,2026-10-05T20:24:12.234415
84,1003,0,0.0,26,-378,899,2026-10-05T20:24:13.304027
83,1002,0,0.0,33,-383,899,2026-10-05T20:24:14.391377
84,1003,0,0.0,-17,-368,920,2026-10-05T20:24:15.524394
83,1004,0,0.0,13,-377,897,2026-10-05T20:24:16.646009
81,998,0,0.0,785,-346,321,2026-10-05T20:24:17.772528
80,1002,0,0.0,824,-300,-105,2026-10-05T20:24:18.858965
80,1001,0,0.0,880,-354,-94,2026-10-05T20:24:20.027427
79,1004,0,0.0,895,-374,-149,2026-10-05T20:24:21.152596
79,1001,0,0.0,865,-458,-93,2026-10-05T20:24:22.278888
79,1004,0,0.0,875,-437,-93,2026-10-05T20:24:23.403909
80,1002,0,0.0,888,-427,-155,2026-10-05T20:24:24.52252
79,1002,0,0.0,893,-407,-147,2026-10-05T20:24:25.670261
79,1003,0,0.0,933,-380,-124,2026-10-05T20:24:26.787749
78,1002,0,0.0,888,-427,-132,2026-10-05T20:24:27.909556
78,1000,0,0.0,881,-442,-125,2026-10-05T20:24:29.039158
77,1006,0,0.0,894,-436,-112,2026-10-05T20:24:30.161098
75,1005,0,0.0,894,-422,-161,2026-10-05T20:24:31.292702
74,1001,0,0.0,881,-340,253,2026-10-05T20:24:32.440657
73,1003,0,0.0,891,-263,358,2026-10-05T20:24:33.564352
73,1002,0,0.0,872,-338,412,2026-10-05T20:24:34.773005
73,1003,0,0.0,840,-401,264,2026-10-05T20:24:35.836014
71,1001,0,0.0,907,-348,164,2026-10-05T20:24:36.924057
72,999,0,0.0,946,-137,228,2026-10-05T20:24:38.048461
74,1006,0,0.0,960,-124,225,2026-10-05T20:24:39.178593
74,1001,0,0.0,890,-473,-2,2026-10-05T20:24:40.303173
74,1002,0,0.0,832,-334,77,2026-10-05T20:24:41.437592
76,1003,0,0.0,945,-436,-24,2026-10-05T20:24:42.556707
73,2011,0,0.0,964,-201,177,2026-10-05T20:24:53.628762
76,1001,0,0.0,913,-412,-46,2026-10-05T20:24:58.411706
75,994,0,0.0,927,-235,236,2026-10-05T20:24:59.55594
74,1009,0,0.0,931,-231,251,2026-10-05T20:25:00.684302
72,1003,0,0.0,942,-217,228,2026-10-05T20:25:01.786457
76,1004,0,0.0,932,-270,188,2026-10-05T20:25:02.845587
77,998,0,0.0,941,-273,152,2026-10-05T20:25:03.952041
78,999,0,0.0,936,-281,222,2026-10-05T20:25:05.049487
80,999,0,0.0,930,-271,254,2026-10-05T20:25:06.229916
80,1006,0,0.0,925,-234,258,2026-10-05T20:25:07.313007
79,999,0,0.0,926,-241,244,2026-10-05T20:25:08.494569
78,1004,0,0.0,932,-278,229,2026-10-05T20:25:09.687997
77,1002,0,0.0,929,-269,220,2026-10-05T20:25:10.814029
76,1003,0,0.0,910,-301,236,2026-10-05T20:25:11.94139
76,1001,0,0.0,916,-283,266,2026-10-05T20:25:13.076804
79,1004,0,0.0,931,-398,173,2026-10-05T20:25:14.197924
79,1003,0,0.0,935,-386,-99,2026-10-05T20:25:15.285463
78,1001,0,0.0,942,-163,113,2026-10-05T20:25:16.451608
78,1003,0,0.0,935,-139,215,2026-10-05T20:25:17.557665
79,1002,0,0.0,962,-106,118,2026-10-05T20:25:18.658596
79,1004,0,0.0,931,-65,308,2026-10-05T20:25:19.791173
81,1000,0,0.0,884,-293,272,2026-10-05T20:25:20.855818
81,1002,0,0.0,226,-338,794,2026-10-05T20:25:21.925769
83,1000,0,0.0,220,-358,874,2026-10-05T20:25:22.993629
